Aaron,
Adara,
Adeian,
Adonia,
Adrian,
Aeryn,
Alastor,
Alina,
Allan,
Aimee,
Amira,
Ana,
Anakin,
Anastasia,
Angelo,
Annabelle,
Anthony,
Antonio,
Antony,
Ashton,
Ariel,
Art,
Artrineas,
Atticus,
August,
April,
Ara,
Austin,
Ava,
Avery,
Avinna,
Azrael,
Bailey,
Balthazar,
Belle,
Blue,
Bo,
Boone,
Brooklyn,
Brooks,
Bryn,
Cael,
Cai,
Calloway,
Callum,
Carolyn,
Cassian,
Cassius,
Charlie,
Christian,
Christoph,
Constantine,
Cory,
Court,
Cullen,
Cyrus,
Dakota,
Dallas,
Damien,
Damon,
Dana,
Daniel,
Davis,
Day,
Declan,
Delilah,
Demetri,
Demetrius,
Desmond,
Denver,
Dina,
Dominic,
Donovan,
Dorian,
Edward,
Edwin,
Elayna,
Elena,
Eli,
Elijah,
Emerson,
Emery,
Emory,
Emil,
Emilio,
Eva,
Eve,
Finley,
Fiona,
Flynn,
Finn,
Gaia,
Gabriel,
Gavin,
Geneva,
Glenn,
Grace,
Graham,
Griffin,
Hal,
Haven,
Hayden,
Hill,
Holden,
Hollis,
Hai,
Ian,
Iona,
Irina,
Isabella,
Isabelle,
Isaiah,
Isobel,
Issac,
Jasper,
Jaye,
Jaymie,
Jeremiah,
Jonah,
Jonas,
Jonathan,
Jude,
Julian,
Julien,
June,
Justus,
Kaila,
Key,
Kiara,
Kiera,
Kieran,
Kullen,
Kyle,
Lai,
Lane,
Layne,
Laurent,
Leigh,
Lena,
Leo,
Leon,
Lesley,
Levi,
Lilly,
Liam,
Logan,
Loren,
Lorraine,
Lorelai,
Lucas,
Lucien,
Luna,
Lynn,
Malik,
Mara,
Marco,
Maura,
Mayson,
Maya,
Merill,
Micah,
Mika,
Mila,
Milo,
Mira,
Monroe,
Morgan,
Nathaniel,
Neil,
Nicholas,
Nina,
Noah,
Nolan,
Oliver,
Olivia,
Olympia,
Orlando,
Owen,
Penelope,
Percy,
Quinn,
Quinton,
Raleigh,
Raymond,
Rayne,
Reiko,
Riley,
Roland,
Ronnie,
Rory,
Rosalie,
Ross,
Samuel,
Scarlett,
Sebastian,
Serena,
Serra,
Shae,
Shaela,
Shailah,
Shiloh,
Shin,
Simone,
Solomon,
Stefan,
Tatiana,
Theo,
Tristan,
Ty,
Tyson,
Ulrich,
Victor,
Vincent,
Vladamir,
Wade,
Waye,
Waylyn,
Wesley,
Willow,
Wynn,
Winford,
Winston,
Wynter,
Xander,
Xavier,
Zander,
Zara
