Ackland,
Alderton,
Armstrong,
Applegate,
Ashbury,
Aston,
Atherfold,
Atwater,
Bain,
Barron,
Beaumont,
Bell,
Bellford,
Berkeley,
Black,
Blackmoor,
Blackstrom,
Blackwood,
Boone,
Branagh,
Bridgewater,
Byfield,
Cain,
Calder,
Caffrey,
Cassina,
Conmore,
Conway,
Deane,
Dearborn,
Donohue,
Earle,
Eaton,
Elham,
Elson,
Fallstaff,
Foster,
Gold,
Gulley,
Hathaway,
Haines,
Hallson,
Hayes,
Hartford,
Hightower,
Hildebrook,
Hilderbrook,
Holt,
Homes,
Howell,
Ilan,
Keen,
Knight,
Lamont,
Lockwood,
London,
McCaffrey,
Mills,
Moore,
Noble,
North,
Sale,
Salem,
Seymour,
Shor,
Snow,
Southworth,
Stone,
Sullivan,
Townsend,
Wescott,
Westfall,
White,
Whitfiled,
Whittaker,
Wingrove,
Woodley,
Woods,
Young,
Youngblood,
Zane
